video_id,t,S
00300,2.1333333333333333,0.85192191634056991
00300,2.2000000000000002,0.90957361306295215
00300,2.2666666666666666,1.0015713942432067
00300,2.3333333333333335,1.0909257321194323
00300,2.3999999999999999,1.1563246642360907
00300,2.4666666666666668,1.5396536154765226
00300,2.5333333333333332,1.640779809900299
00300,2.6000000000000001,1.8756058655445633
00300,2.6666666666666665,2.2136109963808339
00300,2.7333333333333334,2.189457548387777
00300,2.7999999999999998,2.1949937841987506
00300,2.8666666666666667,2.2282448166206086
00300,2.9333333333333331,2.0308813136488912
00300,3,1.9981286519192603
00300,3.0666666666666669,1.8541481737859105
00300,3.1333333333333333,1.8831736928485845
00300,3.2000000000000002,1.8824136859048373
00300,3.2666666666666666,2.0553823509557443
00300,3.3333333333333335,2.086096988608249
00300,3.3999999999999999,2.4881525587458575
00300,3.4666666666666668,2.6251689070420312
00300,3.5333333333333332,2.6035845087761862
00300,3.6000000000000001,2.4783897194074163
00300,3.6666666666666665,2.3517633595614464
00300,3.7333333333333334,2.1827189111928744
00300,3.7999999999999998,2.1048086371315065
00300,3.8666666666666667,1.8856296269538551
00300,3.9333333333333331,1.7576103568188868
00300,4,1.693499610051667
00300,4.0666666666666664,1.6069119397080429
00300,4.1333333333333337,1.608163398922728
00300,4.2000000000000002,1.6191461361131942
00300,4.2666666666666666,1.7425330238443462
00300,4.333333333333333,1.5775666417952723
00300,4.4000000000000004,1.5272504125943127
00300,4.4666666666666668,1.5945187829231562
00300,4.5333333333333332,1.7249783436197932
00300,4.5999999999999996,1.9416992691041475
00300,4.666666666666667,2.0561584325652271
00300,4.7333333333333334,1.9989340741267714
00300,4.7999999999999998,1.9704754463997918
00300,4.8666666666666663,2.0315824621945127
00300,4.9333333333333336,2.0344491374862042
00300,5,2.0529269387510443
00300,5.0666666666666664,2.1944553096266777
00300,5.1333333333333337,2.2016826746649314
00300,5.2000000000000002,2.3323604390230646
00300,5.2666666666666666,2.3663934518850955
00300,5.333333333333333,2.3567760818162036
00300,5.4000000000000004,2.1781493921988142
00300,5.4666666666666668,2.1261045022024687
00300,5.5333333333333332,2.0942848851186979
00300,5.5999999999999996,2.0568805141697801
00300,5.666666666666667,2.1222216839174286
00300,5.7333333333333334,2.1028876837752257
00300,5.7999999999999998,2.1034080374476378
00300,5.8666666666666663,1.9935237652610764
00300,5.9333333333333336,2.0908538115720239
00300,6,2.111331468806025
00300,6.0666666666666664,2.2272065341111866
00300,6.1333333333333337,2.3515403511776971
00300,6.2000000000000002,2.5546094710819913
00300,6.2666666666666666,2.5561712015012468
00300,6.333333333333333,2.7240591959247222
00300,6.4000000000000004,2.6714248617660115
00300,6.4666666666666668,2.7318457181933389
00300,6.5333333333333332,2.7350014304600809
00300,6.5999999999999996,2.7651798475460003
00300,6.666666666666667,2.7578072541265755
00300,6.7333333333333334,2.5509295461868451
00300,6.7999999999999998,2.2694721526864989
00300,6.8666666666666663,2.0802955940233665
00300,6.9333333333333336,1.8742578393254452
00300,7,1.689107259775434
00300,7.0666666666666664,1.6388516557001473
00300,7.1333333333333337,1.5043403715164791
00300,7.2000000000000002,1.4701981892628084
00300,7.2666666666666666,1.4555532813482941
00300,7.333333333333333,1.5376920946465635
00300,7.4000000000000004,1.6129951754173169
00300,7.4666666666666668,1.7667307179427685
00300,7.5333333333333332,1.6465153874156255
00300,7.5999999999999996,1.5162820889334447
00300,7.666666666666667,1.4274330150016734
00300,7.7333333333333334,1.5909897212251232
00300,7.7999999999999998,1.6432594442512318
00300,7.8666666666666663,1.7175110800944913
00300,7.9333333333333336,1.7002484842032022
00300,8,1.6682978341739072
00300,8.0666666666666664,1.6081854821439685
00300,8.1333333333333329,1.5313924083305441
00300,8.1999999999999993,1.4918423625776842
00300,8.2666666666666675,1.5032217088770792
00300,8.3333333333333339,1.4099762688517405
00300,8.4000000000000004,1.4447930305259902
00300,8.4666666666666668,1.5133201934000113
00300,8.5333333333333332,1.4427921981909078
00300,8.5999999999999996,1.6928531908254909
00300,8.6666666666666661,1.4980734333804389
00300,8.7333333333333325,1.4929119045642387
00300,8.8000000000000007,1.6023837467172326
00300,8.8666666666666671,1.6519531791508022
00300,8.9333333333333336,1.6749017188375759
00300,9,1.8020616021051366
00300,9.0666666666666664,1.7946077814160457
00300,9.1333333333333329,1.913110625418736
00300,9.1999999999999993,1.8887521446809288
00300,9.2666666666666675,1.8814538154372218
00300,9.3333333333333339,1.9026458786649871
00300,9.4000000000000004,2.038164811629513
00300,9.4666666666666668,2.3710710004430444
00300,9.5333333333333332,2.6921342999512259
00300,9.5999999999999996,3.2288467535905916
00300,9.6666666666666661,3.7045305036407381
00300,9.7333333333333325,4.543498277811123
00300,9.8000000000000007,5.6706819766012764
00300,9.8666666666666671,7.2773072847332996
00300,9.9333333333333336,9.783885928356959
00300,10,14.240634245723074
01538,15.868852459016393,0.37928617531393094
01538,15.934426229508198,0.4552941076794329
01538,16,0.58300790562876315
01538,16.065573770491802,0.89576282656949968
01538,16.131147540983605,0.98426007518116454
01538,16.196721311475411,1.3611115414639303
01538,16.262295081967213,1.5161313743501814
01538,16.327868852459016,1.6835694781216541
01538,16.393442622950818,1.9320769446123527
01538,16.459016393442624,2.1593104905553546
01538,16.524590163934427,2.4642404464125627
01538,16.590163934426229,2.6610744494932574
01538,16.655737704918032,2.7838037790873917
01538,16.721311475409838,2.947568916657322
01538,16.78688524590164,3.1258252948099345
01538,16.852459016393443,3.2961362118288537
01538,16.918032786885245,3.5184515870953987
01538,16.983606557377048,3.7625915695734231
01538,17.049180327868854,3.9007150546117275
01538,17.114754098360656,4.2819147056279387
01538,17.180327868852459,4.7486827135571543
01538,17.245901639344261,5.1780452719604533
01538,17.344262295081968,6.4825659951440375
01538,17.409836065573771,6.3748170108739934
01538,17.475409836065573,6.6614782238204091
01538,17.540983606557376,6.4301658202135101
01538,17.606557377049182,6.6354165627713488
01538,17.672131147540984,6.7873694053575679
01538,17.737704918032787,6.7939772748115441
01538,17.803278688524589,6.9637726143275938
01538,17.868852459016395,7.1345061322989505
01538,17.934426229508198,7.2136893671803595
01538,18,7.1089087370630839
01538,18.065573770491802,7.0499980739558392
01538,18.131147540983605,7.0749599395462042
01538,18.196721311475411,6.8374810748658632
01538,18.262295081967213,6.7291865803152611
01538,18.327868852459016,6.6169172095996753
01538,18.393442622950818,6.4652944897889304
01538,18.459016393442624,6.4459800213494907
01538,18.524590163934427,6.3046997137063991
01538,18.590163934426229,6.0318673338119329
01538,18.655737704918032,6.2645027795537338
01538,18.721311475409838,5.84407734045908
01538,18.78688524590164,5.5932470224374189
01538,18.852459016393443,5.1602579648150915
01538,18.918032786885245,4.7769087987064927
01538,18.983606557377048,4.3774714637462724
01538,19.049180327868854,4.2530069829066273
01538,19.114754098360656,4.3319636419645073
01538,19.180327868852459,5.0417715626669839
01538,19.245901639344261,5.7326916398903727
01538,19.344262295081968,6.5817017112323262
01538,19.409836065573771,6.5095463485705256
01538,19.475409836065573,6.6439972828334151
01538,19.540983606557376,7.0528817462762632
01538,19.606557377049182,6.7912011455409589
01538,19.672131147540984,6.5684881842120468
01538,19.737704918032787,6.5428395422958578
01538,19.803278688524589,6.7242470625542676
01538,19.868852459016395,7.2547242525965991
01538,19.934426229508198,7.9671003708734176
01538,20,8.5298161492623894
01538,20.065573770491802,9.2347774098569992
01538,20.131147540983605,10.387127456551102
01538,20.196721311475411,10.019632077755109
01538,20.262295081967213,9.6806140132297624
01538,20.327868852459016,9.6506372569697714
01538,20.393442622950818,9.753700086642942
01538,20.459016393442624,9.8452205799469521
01538,20.524590163934427,9.7360744653294056
01538,20.590163934426229,10.135912627547963
01538,20.655737704918032,10.654772318658935
01538,20.721311475409838,11.051822082312308
01538,20.78688524590164,11.414669955473897
01538,20.852459016393443,11.136172779168213
01538,20.918032786885245,10.852023329595294
01538,20.983606557377048,10.451816855982273
01538,21.049180327868854,10.156797811704292
01538,21.114754098360656,9.5589910144220642
01538,21.180327868852459,9.6829576103115773
01538,21.245901639344261,10.454351171832359
01538,21.344262295081968,12.750277446131783
01538,21.409836065573771,11.52413858835502
01538,21.475409836065573,10.859312922957653
01538,21.540983606557376,10.730666892416236
01538,21.606557377049182,10.83596273417014
01538,21.672131147540984,11.449395340836009
01538,21.737704918032787,13.062320143552512
01538,21.803278688524589,14.604523923414231
01538,21.868852459016395,14.512657173839264
01538,21.934426229508198,13.837238211366227
01538,22,13.430901454916922
01538,22.065573770491802,13.242039095612563
01538,22.131147540983605,13.118850970466951
01538,22.196721311475411,12.428256891589442
01538,22.262295081967213,11.200756884976009
01538,22.327868852459016,9.9590854640490356
01538,22.393442622950818,9.9467690309495538
01538,22.459016393442624,9.3695393139093053
01538,22.524590163934427,9.1322871787864042
01538,22.590163934426229,9.4882934148088598
01538,22.655737704918032,9.6410074698644763
01538,22.721311475409838,9.4220220645548558
01538,22.78688524590164,9.4084307140188272
01538,22.852459016393443,9.6213695520330038
01538,22.918032786885245,9.8653653570343209
01538,22.983606557377048,10.133161999502065
01538,23.049180327868854,11.276990958479239
01538,23.114754098360656,11.716365500138961
01538,23.180327868852459,11.799956168314347
01538,23.245901639344261,12.202950175229127
01538,23.344262295081968,11.65830197749461
01538,23.409836065573771,13.592219035839154
01538,23.475409836065573,13.853742660887875
01538,23.540983606557376,13.535188434251857
01538,23.606557377049182,13.383705194072972
01538,23.672131147540984,14.48405477482712
01538,23.737704918032787,15.674886473752199
01538,23.803278688524589,13.691098695557658
01538,23.868852459016395,13.102462394017577
01538,23.934426229508198,12.832441458038051
01538,24,13.715681918489253
01538,24.065573770491802,13.912866346155898
01538,24.131147540983605,12.970117451377311
01538,24.196721311475411,11.172070679804012
01538,24.262295081967213,10.386755386818008
01538,24.327868852459016,9.3758564887962592
01538,24.393442622950818,8.4641687148833462
01538,24.459016393442624,8.0225361005889972
01538,24.524590163934427,8.3101756324225509
01538,24.590163934426229,9.4886495866742582
01538,24.655737704918032,9.9446036445163237
01538,24.721311475409838,10.375956354330961
